date,pillar,newsapi_article_count,newsapi_share,nyt_share,wiki_share,wiki_views,newsapi_available,nyt_available,wiki_available,available_source_count,available_weight,newsapi_weight_used,nyt_weight_used,wiki_weight_used,newsapi_share_filled,nyt_share_filled,wiki_share_filled,composite_share_raw,composite_share,popularity_score
2024-12-01,Business & Finance,0,,,,0,False,False,False,0,0.0,0.0,0.0,0.0,0.0,0.0,0.0,0.0,0.0,0.0
2024-12-01,Entertainment & Pop Culture,0,,0.3,,0,False,True,False,1,0.25,0.0,1.0,0.0,0.0,0.3,0.0,0.3,0.3,30.0
2024-12-01,Lifestyle & Wellness,0,,,,0,False,False,False,0,0.0,0.0,0.0,0.0,0.0,0.0,0.0,0.0,0.0,0.0
2024-12-01,Politics & Civic Life,0,,0.6,,0,False,True,False,1,0.25,0.0,1.0,0.0,0.0,0.6,0.0,0.6,0.6,60.0
2024-12-01,Science & Technology,0,,,,0,False,False,False,0,0.0,0.0,0.0,0.0,0.0,0.0,0.0,0.0,0.0,0.0
2024-12-01,Sports & Athletics,0,,0.1,,0,False,True,False,1,0.25,0.0,1.0,0.0,0.0,0.1,0.0,0.1,0.1,10.0
2024-12-02,Business & Finance,0,,0.1,,0,False,True,False,1,0.25,0.0,1.0,0.0,0.0,0.1,0.0,0.1,0.1,10.0
2024-12-02,Entertainment & Pop Culture,0,,0.3,,0,False,True,False,1,0.25,0.0,1.0,0.0,0.0,0.3,0.0,0.3,0.3,30.0
2024-12-02,Lifestyle & Wellness,0,,,,0,False,False,False,0,0.0,0.0,0.0,0.0,0.0,0.0,0.0,0.0,0.0,0.0
2024-12-02,Politics & Civic Life,0,,0.6,,0,False,True,False,1,0.25,0.0,1.0,0.0,0.0,0.6,0.0,0.6,0.6,60.0
2024-12-02,Science & Technology,0,,,,0,False,False,False,0,0.0,0.0,0.0,0.0,0.0,0.0,0.0,0.0,0.0,0.0
2024-12-02,Sports & Athletics,0,,,,0,False,False,False,0,0.0,0.0,0.0,0.0,0.0,0.0,0.0,0.0,0.0,0.0
2024-12-03,Business & Finance,0,,0.2,,0,False,True,False,1,0.25,0.0,1.0,0.0,0.0,0.2,0.0,0.2,0.2,20.0
2024-12-03,Entertainment & Pop Culture,0,,,,0,False,False,False,0,0.0,0.0,0.0,0.0,0.0,0.0,0.0,0.0,0.0,0.0
2024-12-03,Lifestyle & Wellness,0,,0.1,,0,False,True,False,1,0.25,0.0,1.0,0.0,0.0,0.1,0.0,0.1,0.1,10.0
2024-12-03,Politics & Civic Life,0,,0.7,,0,False,True,False,1,0.25,0.0,1.0,0.0,0.0,0.7,0.0,0.7,0.7,70.0
2024-12-03,Science & Technology,0,,,,0,False,False,False,0,0.0,0.0,0.0,0.0,0.0,0.0,0.0,0.0,0.0,0.0
2024-12-03,Sports & Athletics,0,,,,0,False,False,False,0,0.0,0.0,0.0,0.0,0.0,0.0,0.0,0.0,0.0,0.0
2024-12-04,Business & Finance,0,,0.1,,0,False,True,False,1,0.25,0.0,1.0,0.0,0.0,0.1,0.0,0.1,0.1,10.0
2024-12-04,Entertainment & Pop Culture,0,,0.1,,0,False,True,False,1,0.25,0.0,1.0,0.0,0.0,0.1,0.0,0.1,0.1,10.0
2024-12-04,Lifestyle & Wellness,0,,0.2,,0,False,True,False,1,0.25,0.0,1.0,0.0,0.0,0.2,0.0,0.2,0.2,20.0
2024-12-04,Politics & Civic Life,0,,0.5,,0,False,True,False,1,0.25,0.0,1.0,0.0,0.0,0.5,0.0,0.5,0.5,50.0
2024-12-04,Science & Technology,0,,0.1,,0,False,True,False,1,0.25,0.0,1.0,0.0,0.0,0.1,0.0,0.1,0.1,10.0
2024-12-04,Sports & Athletics,0,,,,0,False,False,False,0,0.0,0.0,0.0,0.0,0.0,0.0,0.0,0.0,0.0,0.0
2024-12-05,Business & Finance,0,,,,0,False,False,False,0,0.0,0.0,0.0,0.0,0.0,0.0,0.0,0.0,0.0,0.0
2024-12-05,Entertainment & Pop Culture,0,,,,0,False,False,False,0,0.0,0.0,0.0,0.0,0.0,0.0,0.0,0.0,0.0,0.0
2024-12-05,Lifestyle & Wellness,0,,,,0,False,False,False,0,0.0,0.0,0.0,0.0,0.0,0.0,0.0,0.0,0.0,0.0
2024-12-05,Politics & Civic Life,0,,1.0,,0,False,True,False,1,0.25,0.0,1.0,0.0,0.0,1.0,0.0,1.0,1.0,100.0
2024-12-05,Science & Technology,0,,,,0,False,False,False,0,0.0,0.0,0.0,0.0,0.0,0.0,0.0,0.0,0.0,0.0
2024-12-05,Sports & Athletics,0,,,,0,False,False,False,0,0.0,0.0,0.0,0.0,0.0,0.0,0.0,0.0,0.0,0.0
2024-12-06,Business & Finance,0,,,,0,False,False,False,0,0.0,0.0,0.0,0.0,0.0,0.0,0.0,0.0,0.0,0.0
2024-12-06,Entertainment & Pop Culture,0,,0.1,,0,False,True,False,1,0.25,0.0,1.0,0.0,0.0,0.1,0.0,0.1,0.1,10.0
2024-12-06,Lifestyle & Wellness,0,,,,0,False,False,False,0,0.0,0.0,0.0,0.0,0.0,0.0,0.0,0.0,0.0,0.0
2024-12-06,Politics & Civic Life,0,,0.9,,0,False,True,False,1,0.25,0.0,1.0,0.0,0.0,0.9,0.0,0.9,0.9,90.0
2024-12-06,Science & Technology,0,,,,0,False,False,False,0,0.0,0.0,0.0,0.0,0.0,0.0,0.0,0.0,0.0,0.0
2024-12-06,Sports & Athletics,0,,,,0,False,False,False,0,0.0,0.0,0.0,0.0,0.0,0.0,0.0,0.0,0.0,0.0
2024-12-07,Business & Finance,0,,,,0,False,False,False,0,0.0,0.0,0.0,0.0,0.0,0.0,0.0,0.0,0.0,0.0
2024-12-07,Entertainment & Pop Culture,0,,0.1,,0,False,True,False,1,0.25,0.0,1.0,0.0,0.0,0.1,0.0,0.1,0.1,10.0
2024-12-07,Lifestyle & Wellness,0,,,,0,False,False,False,0,0.0,0.0,0.0,0.0,0.0,0.0,0.0,0.0,0.0,0.0
2024-12-07,Politics & Civic Life,0,,0.9,,0,False,True,False,1,0.25,0.0,1.0,0.0,0.0,0.9,0.0,0.9,0.9,90.0
2024-12-07,Science & Technology,0,,,,0,False,False,False,0,0.0,0.0,0.0,0.0,0.0,0.0,0.0,0.0,0.0,0.0
2024-12-07,Sports & Athletics,0,,,,0,False,False,False,0,0.0,0.0,0.0,0.0,0.0,0.0,0.0,0.0,0.0,0.0
2024-12-08,Business & Finance,0,,,,0,False,False,False,0,0.0,0.0,0.0,0.0,0.0,0.0,0.0,0.0,0.0,0.0
2024-12-08,Entertainment & Pop Culture,0,,0.2,,0,False,True,False,1,0.25,0.0,1.0,0.0,0.0,0.2,0.0,0.2,0.2,20.0
2024-12-08,Lifestyle & Wellness,0,,,,0,False,False,False,0,0.0,0.0,0.0,0.0,0.0,0.0,0.0,0.0,0.0,0.0
2024-12-08,Politics & Civic Life,0,,0.8,,0,False,True,False,1,0.25,0.0,1.0,0.0,0.0,0.8,0.0,0.8,0.8,80.0
2024-12-08,Science & Technology,0,,,,0,False,False,False,0,0.0,0.0,0.0,0.0,0.0,0.0,0.0,0.0,0.0,0.0
2024-12-08,Sports & Athletics,0,,,,0,False,False,False,0,0.0,0.0,0.0,0.0,0.0,0.0,0.0,0.0,0.0,0.0
2024-12-09,Business & Finance,0,,,,0,False,False,False,0,0.0,0.0,0.0,0.0,0.0,0.0,0.0,0.0,0.0,0.0
2024-12-09,Entertainment & Pop Culture,0,,,,0,False,False,False,0,0.0,0.0,0.0,0.0,0.0,0.0,0.0,0.0,0.0,0.0
2024-12-09,Lifestyle & Wellness,0,,,,0,False,False,False,0,0.0,0.0,0.0,0.0,0.0,0.0,0.0,0.0,0.0,0.0
2024-12-09,Politics & Civic Life,0,,0.9,,0,False,True,False,1,0.25,0.0,1.0,0.0,0.0,0.9,0.0,0.9,0.9,90.0
2024-12-09,Science & Technology,0,,0.1,,0,False,True,False,1,0.25,0.0,1.0,0.0,0.0,0.1,0.0,0.1,0.1,10.0
2024-12-09,Sports & Athletics,0,,,,0,False,False,False,0,0.0,0.0,0.0,0.0,0.0,0.0,0.0,0.0,0.0,0.0
2024-12-10,Business & Finance,0,,,,0,False,False,False,0,0.0,0.0,0.0,0.0,0.0,0.0,0.0,0.0,0.0,0.0
2024-12-10,Entertainment & Pop Culture,0,,0.1,,0,False,True,False,1,0.25,0.0,1.0,0.0,0.0,0.1,0.0,0.1,0.1,10.0
2024-12-10,Lifestyle & Wellness,0,,,,0,False,False,False,0,0.0,0.0,0.0,0.0,0.0,0.0,0.0,0.0,0.0,0.0
2024-12-10,Politics & Civic Life,0,,0.7,,0,False,True,False,1,0.25,0.0,1.0,0.0,0.0,0.7,0.0,0.7,0.7,70.0
2024-12-10,Science & Technology,0,,0.2,,0,False,True,False,1,0.25,0.0,1.0,0.0,0.0,0.2,0.0,0.2,0.2,20.0
2024-12-10,Sports & Athletics,0,,,,0,False,False,False,0,0.0,0.0,0.0,0.0,0.0,0.0,0.0,0.0,0.0,0.0
2024-12-11,Business & Finance,0,,,0.044616827740823,194871,False,False,True,1,0.15,0.0,0.0,1.0,0.0,0.0,0.044616827740823,0.044616827740823,0.04057642506601153,4.0576425066011526
2024-12-11,Entertainment & Pop Culture,0,,0.1,0.4963633820146591,2167945,False,True,True,2,0.4,0.0,0.625,0.37499999999999994,0.0,0.1,0.4963633820146591,0.24863626825549714,0.22612030972186334,22.612030972186332
2024-12-11,Lifestyle & Wellness,0,,,0.0349439069963598,152623,False,False,True,1,0.15,0.0,0.0,1.0,0.0,0.0,0.0349439069963598,0.0349439069963598,0.03177946294138111,3.177946294138111
2024-12-11,Politics & Civic Life,0,,0.9,0.3443164149565774,1503856,False,True,True,2,0.4,0.0,0.625,0.37499999999999994,0.0,0.9,0.3443164149565774,0.6916186556087165,0.6289871775864866,62.89871775864866
2024-12-11,Science & Technology,0,,,,0,False,False,False,0,0.0,0.0,0.0,0.0,0.0,0.0,0.0,0.0,0.0,0.0
2024-12-11,Sports & Athletics,0,,,0.0797594682915805,348362,False,False,True,1,0.15,0.0,0.0,1.0,0.0,0.0,0.0797594682915805,0.0797594682915805,0.07253662468425733,7.253662468425732
2024-12-12,Business & Finance,0,,0.2,0.0248427782705738,106061,False,True,True,2,0.4,0.0,0.625,0.37499999999999994,0.0,0.2,0.0248427782705738,0.13431604185146517,0.11489079722728683,11.489079722728682
2024-12-12,Entertainment & Pop Culture,0,,0.1,0.4782121800608954,2041626,False,True,True,2,0.4,0.0,0.625,0.37499999999999994,0.0,0.1,0.4782121800608954,0.24182956752283574,0.20685534968752142,20.685534968752144
2024-12-12,Lifestyle & Wellness,0,,0.1,0.0340124550012894,145209,False,True,True,2,0.4,0.0,0.625,0.37499999999999994,0.0,0.1,0.0340124550012894,0.07525467062548352,0.06437108318602802,6.437108318602802
2024-12-12,Politics & Civic Life,0,,0.6,0.1924114296314913,821460,False,True,True,2,0.4,0.0,0.625,0.37499999999999994,0.0,0.6,0.1924114296314913,0.44715428611180924,0.3824853063478186,38.24853063478186
2024-12-12,Science & Technology,0,,,0.0401961544416412,171609,False,False,True,1,0.15,0.0,0.0,1.0,0.0,0.0,0.0401961544416412,0.0401961544416412,0.03438284932769501,3.438284932769501
2024-12-12,Sports & Athletics,0,,,0.2303250025941087,983324,False,False,True,1,0.15,0.0,0.0,1.0,0.0,0.0,0.2303250025941087,0.2303250025941087,0.19701461422365013,19.701461422365014
2024-12-13,Business & Finance,0,,,,0,False,False,False,0,0.0,0.0,0.0,0.0,0.0,0.0,0.0,0.0,0.0,0.0
2024-12-13,Entertainment & Pop Culture,0,,0.1,0.5313139080118772,2251202,False,True,True,2,0.4,0.0,0.625,0.37499999999999994,0.0,0.1,0.5313139080118772,0.26174271550445394,0.2389242236224627,23.892422362246272
2024-12-13,Lifestyle & Wellness,0,,,0.032808227050585,139010,False,False,True,1,0.15,0.0,0.0,1.0,0.0,0.0,0.032808227050585,0.032808227050585,0.029948035655483648,2.9948035655483647
2024-12-13,Politics & Civic Life,0,,0.6,0.1466046989802095,621171,False,True,True,2,0.4,0.0,0.625,0.37499999999999994,0.0,0.6,0.1466046989802095,0.42997676211757857,0.3924917790611623,39.24917790611623
2024-12-13,Science & Technology,0,,0.2,,0,False,True,False,1,0.25,0.0,1.0,0.0,0.0,0.2,0.0,0.2,0.18256418190052517,18.256418190052518
2024-12-13,Sports & Athletics,0,,0.1,0.2892731659573283,1225664,False,True,True,2,0.4,0.0,0.625,0.37499999999999994,0.0,0.1,0.2892731659573283,0.1709774372339981,0.1560717797603663,15.60717797603663
2024-12-14,Business & Finance,0,,0.1,0.0558947702985852,203646,False,True,True,2,0.4,0.0,0.625,0.37499999999999994,0.0,0.1,0.0558947702985852,0.08346053886196944,0.07596185165469864,7.596185165469864
2024-12-14,Entertainment & Pop Culture,0,,0.2,0.7237341568904935,2636840,False,True,True,2,0.4,0.0,0.625,0.37499999999999994,0.0,0.2,0.7237341568904935,0.396400308833935,0.36078489147211756,36.078489147211755
2024-12-14,Lifestyle & Wellness,0,,,0.0348558015601987,126993,False,False,True,1,0.15,0.0,0.0,1.0,0.0,0.0,0.0348558015601987,0.0348558015601987,0.03172410894447163,3.1724108944471627
2024-12-14,Politics & Civic Life,0,,0.7,0.0624246922227754,227437,False,True,True,2,0.4,0.0,0.625,0.37499999999999994,0.0,0.7,0.0624246922227754,0.4609092595835408,0.4194979002072517,41.94979002072517
2024-12-14,Science & Technology,0,,,0.0244511829942619,89085,False,False,True,1,0.15,0.0,0.0,1.0,0.0,0.0,0.0244511829942619,0.0244511829942619,0.022254315161609344,2.2254315161609344
2024-12-14,Sports & Athletics,0,,,0.0986393960336851,359381,False,False,True,1,0.15,0.0,0.0,1.0,0.0,0.0,0.0986393960336851,0.0986393960336851,0.08977693255985103,8.977693255985104
2024-12-15,Business & Finance,0,,,0.0243465888780343,96374,False,False,True,1,0.15,0.0,0.0,1.0,0.0,0.0,0.0243465888780343,0.0243465888780343,0.019605589425911802,1.9605589425911802
2024-12-15,Entertainment & Pop Culture,0,,0.4,0.5591603617504868,2213391,False,True,True,2,0.4,0.0,0.625,0.37499999999999994,0.0,0.4,0.5591603617504868,0.45968513565643254,0.37017087198632775,37.01708719863277
2024-12-15,Lifestyle & Wellness,0,,,0.0659437517857508,261033,False,False,True,1,0.15,0.0,0.0,1.0,0.0,0.0,0.0659437517857508,0.0659437517857508,0.05310255696156694,5.310255696156694
2024-12-15,Politics & Civic Life,0,,0.5,0.0257974206368754,102117,False,True,True,2,0.4,0.0,0.625,0.37499999999999994,0.0,0.5,0.0257974206368754,0.3221740327388283,0.25943723949215963,25.943723949215965
2024-12-15,Science & Technology,0,,0.1,0.0281321911601576,111359,False,True,True,2,0.4,0.0,0.625,0.37499999999999994,0.0,0.1,0.0281321911601576,0.0730495716850591,0.058824663995871135,5.882466399587114
2024-12-15,Sports & Athletics,0,,,0.2966196857886949,1174145,False,False,True,1,0.15,0.0,0.0,1.0,0.0,0.0,0.2966196857886949,0.2966196857886949,0.2388590781381627,23.88590781381627
2024-12-16,Business & Finance,0,,,,0,False,False,False,0,0.0,0.0,0.0,0.0,0.0,0.0,0.0,0.0,0.0,0.0
2024-12-16,Entertainment & Pop Culture,0,,0.1,0.6346212265386403,2304257,False,True,True,2,0.4,0.0,0.625,0.37499999999999994,0.0,0.1,0.6346212265386403,0.30048295995199004,0.2856330547557062,28.563305475570623
2024-12-16,Lifestyle & Wellness,0,,0.1,0.0665567403496141,241662,False,True,True,2,0.4,0.0,0.625,0.37499999999999994,0.0,0.1,0.0665567403496141,0.08745877763110528,0.08313655397951354,8.313655397951354
2024-12-16,Politics & Civic Life,0,,0.7,0.1332024389431099,483647,False,True,True,2,0.4,0.0,0.625,0.37499999999999994,0.0,0.7,0.1332024389431099,0.4874509146036662,0.4633610298698934,46.33610298698934
2024-12-16,Science & Technology,0,,,0.0831831187548489,302031,False,False,True,1,0.15,0.0,0.0,1.0,0.0,0.0,0.0831831187548489,0.0831831187548489,0.07907219869589417,7.907219869589417
2024-12-16,Sports & Athletics,0,,0.1,0.0824364754137866,299320,False,True,True,2,0.4,0.0,0.625,0.37499999999999994,0.0,0.1,0.0824364754137866,0.09341367828016997,0.08879716269899252,8.879716269899252
2024-12-17,Business & Finance,0,,0.2,,0,False,True,False,1,0.25,0.0,1.0,0.0,0.0,0.2,0.0,0.2,0.16174207321346665,16.174207321346664
2024-12-17,Entertainment & Pop Culture,0,,0.1,0.5796715853660922,1778051,False,True,True,2,0.4,0.0,0.625,0.37499999999999994,0.0,0.1,0.5796715853660922,0.27987684451228456,0.22633930537929975,22.633930537929974
2024-12-17,Lifestyle & Wellness,0,,0.1,0.049968995958064,153272,False,True,True,2,0.4,0.0,0.625,0.37499999999999994,0.0,0.1,0.049968995958064,0.081238373484274,0.06569831475918196,6.569831475918196
2024-12-17,Politics & Civic Life,0,,0.6,0.1119007922820474,343238,False,True,True,2,0.4,0.0,0.625,0.37499999999999994,0.0,0.6,0.1119007922820474,0.4169627971057678,0.33720213628386464,33.72021362838646
2024-12-17,Science & Technology,0,,,0.1315399456597927,403478,False,False,True,1,0.15,0.0,0.0,1.0,0.0,0.0,0.1315399456597927,0.1315399456597927,0.10637771760700808,10.637771760700808
2024-12-17,Sports & Athletics,0,,,0.1269186807340035,389303,False,False,True,1,0.15,0.0,0.0,1.0,0.0,0.0,0.1269186807340035,0.1269186807340035,0.10264045275717897,10.264045275717896
2024-12-18,Business & Finance,0,,0.2,0.0242846226637226,65595,False,True,True,2,0.4,0.0,0.625,0.37499999999999994,0.0,0.2,0.0242846226637226,0.13410673349889599,0.12410129270814861,12.410129270814862
2024-12-18,Entertainment & Pop Culture,0,,0.1,0.5831904281675707,1575251,False,True,True,2,0.4,0.0,0.625,0.37499999999999994,0.0,0.1,0.5831904281675707,0.28119641056283895,0.260216896983975,26.0216896983975
2024-12-18,Lifestyle & Wellness,0,,0.1,0.0567951776540747,153409,False,True,True,2,0.4,0.0,0.625,0.37499999999999994,0.0,0.1,0.0567951776540747,0.08379819162027802,0.0775461726294844,7.7546172629484404
2024-12-18,Politics & Civic Life,0,,0.4,0.0783083286315312,211518,False,True,True,2,0.4,0.0,0.625,0.37499999999999994,0.0,0.4,0.0783083286315312,0.2793656232368242,0.258522701115473,25.8522701115473
2024-12-18,Science & Technology,0,,0.2,0.1284243557790701,346886,False,True,True,2,0.4,0.0,0.625,0.37499999999999994,0.0,0.2,0.1284243557790701,0.17315913341715128,0.16024006953735961,16.024006953735963
2024-12-18,Sports & Athletics,0,,,0.1289970871040305,348433,False,False,True,1,0.15,0.0,0.0,1.0,0.0,0.0,0.1289970871040305,0.1289970871040305,0.1193728670255593,11.93728670255593
2024-12-19,Business & Finance,0,,,0.0285405062941986,100367,False,False,True,1,0.15,0.0,0.0,1.0,0.0,0.0,0.0285405062941986,0.0285405062941986,0.025652073041202643,2.565207304120264
2024-12-19,Entertainment & Pop Culture,0,,0.4,0.592934584637486,2085144,False,True,True,2,0.4,0.0,0.625,0.37499999999999994,0.0,0.4,0.592934584637486,0.4723504692390572,0.42454638376298187,42.454638376298185
2024-12-19,Lifestyle & Wellness,0,,,0.0625720323114235,220044,False,False,True,1,0.15,0.0,0.0,1.0,0.0,0.0,0.0625720323114235,0.0625720323114235,0.05623944882559406,5.623944882559407
2024-12-19,Politics & Civic Life,0,,0.5,0.2054141852575078,722370,False,True,True,2,0.4,0.0,0.625,0.37499999999999994,0.0,0.5,0.2054141852575078,0.3895303194715654,0.35010802204580066,35.01080220458007
2024-12-19,Science & Technology,0,,,0.0890480744321799,313151,False,False,True,1,0.15,0.0,0.0,1.0,0.0,0.0,0.0890480744321799,0.0890480744321799,0.0800359911616932,8.00359911616932
2024-12-19,Sports & Athletics,0,,0.1,0.0214906170672039,75575,False,True,True,2,0.4,0.0,0.625,0.37499999999999994,0.0,0.1,0.0214906170672039,0.07055898140020146,0.06341808116272767,6.341808116272767
2024-12-20,Business & Finance,0,,0.1,0.0328672123226354,136246,False,True,True,2,0.4,0.0,0.625,0.37499999999999994,0.0,0.1,0.0328672123226354,0.07482520462098827,0.050879853014621404,5.08798530146214
2024-12-20,Entertainment & Pop Culture,0,,,0.487566420856927,2021132,False,False,True,1,0.15,0.0,0.0,1.0,0.0,0.0,0.487566420856927,0.487566420856927,0.33153678568233547,33.153678568233545
2024-12-20,Lifestyle & Wellness,0,,,0.0525972855830887,218034,False,False,True,1,0.15,0.0,0.0,1.0,0.0,0.0,0.0525972855830887,0.0525972855830887,0.03576525013183817,3.576525013183817
2024-12-20,Politics & Civic Life,0,,0.9,0.2141321341735685,887652,False,True,True,2,0.4,0.0,0.625,0.37499999999999994,0.0,0.9,0.2141321341735685,0.6427995503150882,0.4370926455003987,43.709264550039876
2024-12-20,Science & Technology,0,,,0.1399810438064654,580270,False,False,True,1,0.15,0.0,0.0,1.0,0.0,0.0,0.1399810438064654,0.1399810438064654,0.09518470373428792,9.518470373428793
2024-12-20,Sports & Athletics,0,,,0.0728559032573147,302013,False,False,True,1,0.15,0.0,0.0,1.0,0.0,0.0,0.0728559032573147,0.0728559032573147,0.049540761936518296,4.954076193651829
2024-12-21,Business & Finance,0,,,0.0298955614856876,121977,False,False,True,1,0.15,0.0,0.0,1.0,0.0,0.0,0.0298955614856876,0.0298955614856876,0.028764800526542258,2.876480052654226
2024-12-21,Entertainment & Pop Culture,0,,0.1,0.4228269671557391,1725178,False,True,True,2,0.4,0.0,0.625,0.37499999999999994,0.0,0.1,0.4228269671557391,0.22106011268340214,0.2126987997451477,21.26987997451477
2024-12-21,Lifestyle & Wellness,0,,,0.0330013646710966,134649,False,False,True,1,0.15,0.0,0.0,1.0,0.0,0.0,0.0330013646710966,0.0330013646710966,0.03175313072217212,3.175313072217212
2024-12-21,Politics & Civic Life,0,,0.7,0.0873225290335736,356285,False,True,True,2,0.4,0.0,0.625,0.37499999999999994,0.0,0.7,0.0873225290335736,0.4702459483875901,0.45245950340352353,45.24595034035235
2024-12-21,Science & Technology,0,,0.1,0.12651368690602,516189,False,True,True,2,0.4,0.0,0.625,0.37499999999999994,0.0,0.1,0.12651368690602,0.10994263258975749,0.1057841946645265,10.578419466452651
2024-12-21,Sports & Athletics,0,,0.1,0.3004398907478829,1225826,False,True,True,2,0.4,0.0,0.625,0.37499999999999994,0.0,0.1,0.3004398907478829,0.1751649590304561,0.168539570938088,16.8539570938088
2024-12-22,Business & Finance,0,,,0.0263277140705436,107255,False,False,True,1,0.15,0.0,0.0,1.0,0.0,0.0,0.0263277140705436,0.0263277140705436,0.022317695427182063,2.2317695427182063
2024-12-22,Entertainment & Pop Culture,0,,0.1,0.543443489735984,2213904,False,True,True,2,0.4,0.0,0.625,0.37499999999999994,0.0,0.1,0.543443489735984,0.26629130865099393,0.22573202920142116,22.573202920142116
2024-12-22,Lifestyle & Wellness,0,,0.1,0.0332781520352767,135570,False,True,True,2,0.4,0.0,0.625,0.37499999999999994,0.0,0.1,0.0332781520352767,0.07497930701322876,0.06355908199165065,6.355908199165065
2024-12-22,Politics & Civic Life,0,,0.7,0.0727104425206267,296211,False,True,True,2,0.4,0.0,0.625,0.37499999999999994,0.0,0.7,0.0727104425206267,0.464766415945235,0.3939770573341919,39.397705733419194
2024-12-22,Science & Technology,0,,0.1,0.0630816987592062,256985,False,True,True,2,0.4,0.0,0.625,0.37499999999999994,0.0,0.1,0.0630816987592062,0.08615563703470232,0.07303312629130329,7.303312629130329
2024-12-22,Sports & Athletics,0,,,0.2611585028783625,1063919,False,False,True,1,0.15,0.0,0.0,1.0,0.0,0.0,0.2611585028783625,0.2611585028783625,0.221381009754251,22.1381009754251
2024-12-23,Business & Finance,0,,0.1,0.0327895848708515,107920,False,True,True,2,0.4,0.0,0.625,0.37499999999999994,0.0,0.1,0.0327895848708515,0.0747960943265693,0.04818082333729506,4.818082333729506
2024-12-23,Entertainment & Pop Culture,0,,,0.6369905529414159,2096520,False,False,True,1,0.15,0.0,0.0,1.0,0.0,0.0,0.6369905529414159,0.6369905529414159,0.4103252927191172,41.03252927191172
2024-12-23,Lifestyle & Wellness,0,,,0.0763791936836904,251386,False,False,True,1,0.15,0.0,0.0,1.0,0.0,0.0,0.0763791936836904,0.0763791936836904,0.049200596243054145,4.920059624305415
2024-12-23,Politics & Civic Life,0,,0.9,0.0833642989114599,274376,False,True,True,2,0.4,0.0,0.625,0.37499999999999994,0.0,0.9,0.0833642989114599,0.5937616120917975,0.38247883922597026,38.247883922597026
2024-12-23,Science & Technology,0,,,0.0789146744634093,259731,False,False,True,1,0.15,0.0,0.0,1.0,0.0,0.0,0.0789146744634093,0.0789146744634093,0.0508338573460921,5.083385734609211
2024-12-23,Sports & Athletics,0,,,0.0915616951291728,301356,False,False,True,1,0.15,0.0,0.0,1.0,0.0,0.0,0.0915616951291728,0.0915616951291728,0.058980591128471135,5.898059112847114
2024-12-24,Business & Finance,0,,,0.0254805429007679,81838,False,False,True,1,0.15,0.0,0.0,1.0,0.0,0.0,0.0254805429007679,0.0254805429007679,0.020194044738255548,2.019404473825555
2024-12-24,Entertainment & Pop Culture,0,,0.1,0.6125278038622771,1967307,False,True,True,2,0.4,0.0,0.625,0.37499999999999994,0.0,0.1,0.6125278038622771,0.29219792644835385,0.23157505011189286,23.157505011189286
2024-12-24,Lifestyle & Wellness,0,,,0.1996479215289695,641226,False,False,True,1,0.15,0.0,0.0,1.0,0.0,0.0,0.1996479215289695,0.1996479215289695,0.15822657605675433,15.822657605675433
2024-12-24,Politics & Civic Life,0,,0.8,0.0286161834046125,91909,False,True,True,2,0.4,0.0,0.625,0.37499999999999994,0.0,0.8,0.0286161834046125,0.5107310687767297,0.4047686932048661,40.47686932048661
2024-12-24,Science & Technology,0,,,0.1337275483033728,429504,False,False,True,1,0.15,0.0,0.0,1.0,0.0,0.0,0.1337275483033728,0.1337275483033728,0.10598283182946451,10.598283182946451
2024-12-24,Sports & Athletics,0,,0.1,,0,False,True,False,1,0.25,0.0,1.0,0.0,0.0,0.1,0.0,0.1,0.07925280405876661,7.925280405876661
2024-12-25,Business & Finance,0,,0.1,,0,False,True,False,1,0.25,0.0,1.0,0.0,0.0,0.1,0.0,0.1,0.09154911349019015,9.154911349019015
2024-12-25,Entertainment & Pop Culture,0,,0.2,0.2472336013621709,2418447,False,True,True,2,0.4,0.0,0.625,0.37499999999999994,0.0,0.2,0.2472336013621709,0.2177126005108141,0.1993139557240895,19.93139557240895
2024-12-25,Lifestyle & Wellness,0,,,0.0876957875418931,857843,False,False,True,1,0.15,0.0,0.0,1.0,0.0,0.0,0.0876957875418931,0.0876957875418931,0.08028471606284375,8.028471606284375
2024-12-25,Politics & Civic Life,0,,0.6,0.0108982469082088,106607,False,True,True,2,0.4,0.0,0.625,0.37499999999999994,0.0,0.6,0.0108982469082088,0.3790868425905783,0.347050643749627,34.7050643749627
2024-12-25,Science & Technology,0,,0.1,0.6541723641877271,6399135,False,True,True,2,0.4,0.0,0.625,0.37499999999999994,0.0,0.1,0.6541723641877271,0.30781463657039765,0.2818015709732497,28.18015709732497
2024-12-25,Sports & Athletics,0,,,,0,False,False,False,0,0.0,0.0,0.0,0.0,0.0,0.0,0.0,0.0,0.0,0.0
2024-12-26,Business & Finance,0,,0.1,,0,False,True,False,1,0.25,0.0,1.0,0.0,0.0,0.1,0.0,0.1,0.08321226390804884,8.321226390804885
2024-12-26,Entertainment & Pop Culture,0,,0.2,0.5268833165045311,3127190,False,True,True,2,0.4,0.0,0.625,0.37499999999999994,0.0,0.2,0.5268833165045311,0.32258124368919916,0.26842715581652254,26.842715581652254
2024-12-26,Lifestyle & Wellness,0,,,0.2268527028550218,1346430,False,False,True,1,0.15,0.0,0.0,1.0,0.0,0.0,0.2268527028550218,0.2268527028550218,0.18876926978226258,18.87692697822626
2024-12-26,Politics & Civic Life,0,,0.6,0.1608689154529177,954799,False,True,True,2,0.4,0.0,0.625,0.37499999999999994,0.0,0.6,0.1608689154529177,0.43532584329484414,0.3622444895824449,36.22444895824449
2024-12-26,Science & Technology,0,,0.1,0.049454269997562,293524,False,True,True,2,0.4,0.0,0.625,0.37499999999999994,0.0,0.1,0.049454269997562,0.08104535124908574,0.06743967156659439,6.743967156659439
2024-12-26,Sports & Athletics,0,,,0.0359407951899672,213318,False,False,True,1,0.15,0.0,0.0,1.0,0.0,0.0,0.0359407951899672,0.0359407951899672,0.02990714934412683,2.990714934412683
2024-12-27,Business & Finance,0,,0.1,,0,False,True,False,1,0.25,0.0,1.0,0.0,0.0,0.1,0.0,0.1,0.09308273337729013,9.308273337729013
2024-12-27,Entertainment & Pop Culture,0,,0.1,0.6372947128479692,3562733,False,True,True,2,0.4,0.0,0.625,0.37499999999999994,0.0,0.1,0.6372947128479692,0.30148551731798845,0.28063096025624706,28.063096025624706
2024-12-27,Lifestyle & Wellness,0,,0.2,0.0768653268343362,429708,False,True,True,2,0.4,0.0,0.625,0.37499999999999994,0.0,0.2,0.0768653268343362,0.15382449756287608,0.1431840469354081,14.31840469354081
2024-12-27,Politics & Civic Life,0,,0.5,0.1916506526097144,1071404,False,True,True,2,0.4,0.0,0.625,0.37499999999999994,0.0,0.5,0.1916506526097144,0.3843689947286429,0.357781166548233,35.7781166548233
2024-12-27,Science & Technology,0,,0.1,0.0352883451473338,197276,False,True,True,2,0.4,0.0,0.625,0.37499999999999994,0.0,0.1,0.0352883451473338,0.07573312943025018,0.07049446694583782,7.049446694583781
2024-12-27,Sports & Athletics,0,,,0.0589009625606463,329280,False,False,True,1,0.15,0.0,0.0,1.0,0.0,0.0,0.0589009625606463,0.0589009625606463,0.054826625936983876,5.482662593698388
2024-12-28,Business & Finance,0,,,0.0191243548594894,108659,False,False,True,1,0.15,0.0,0.0,1.0,0.0,0.0,0.0191243548594894,0.0191243548594894,0.016675294566395164,1.6675294566395165
2024-12-28,Entertainment & Pop Culture,0,,0.3,0.7204831716096639,4093575,False,True,True,2,0.4,0.0,0.625,0.37499999999999994,0.0,0.3,0.7204831716096639,0.45768118935362395,0.3990706460972627,39.90706460972627
2024-12-28,Lifestyle & Wellness,0,,,0.0277553862324498,157698,False,False,True,1,0.15,0.0,0.0,1.0,0.0,0.0,0.0277553862324498,0.0277553862324498,0.024201038133347327,2.4201038133347326
2024-12-28,Politics & Civic Life,0,,0.7,0.044528687500308,252999,False,True,True,2,0.4,0.0,0.625,0.37499999999999994,0.0,0.7,0.044528687500308,0.45419825781261547,0.39603373793342544,39.60337379334254
2024-12-28,Science & Technology,0,,,0.0344660443655323,195826,False,False,True,1,0.15,0.0,0.0,1.0,0.0,0.0,0.0344660443655323,0.0344660443655323,0.03005233099659395,3.005233099659395
2024-12-28,Sports & Athletics,0,,,0.1536423554325565,872951,False,False,True,1,0.15,0.0,0.0,1.0,0.0,0.0,0.1536423554325565,0.1536423554325565,0.1339669522729755,13.39669522729755
2024-12-29,Business & Finance,0,,,0.0325287155477052,190442,False,False,True,1,0.15,0.0,0.0,1.0,0.0,0.0,0.0325287155477052,0.0325287155477052,0.027952876911465505,2.7952876911465507
2024-12-29,Entertainment & Pop Culture,0,,0.1,0.5004286387018986,2929800,False,True,True,2,0.4,0.0,0.625,0.37499999999999994,0.0,0.1,0.5004286387018986,0.25016073951321194,0.21497044202187418,21.497044202187418
2024-12-29,Lifestyle & Wellness,0,,,0.1435817524772481,840611,False,False,True,1,0.15,0.0,0.0,1.0,0.0,0.0,0.1435817524772481,0.1435817524772481,0.12338400044855645,12.338400044855645
2024-12-29,Politics & Civic Life,0,,0.9,0.2376540695226524,1391365,False,True,True,2,0.4,0.0,0.625,0.37499999999999994,0.0,0.9,0.2376540695226524,0.6516202760709946,0.5599563666544057,55.99563666544057
2024-12-29,Science & Technology,0,,,0.0281796425739092,164980,False,False,True,1,0.15,0.0,0.0,1.0,0.0,0.0,0.0281796425739092,0.0281796425739092,0.024215591271114507,2.421559127111451
2024-12-29,Sports & Athletics,0,,,0.0576271811765863,337383,False,False,True,1,0.15,0.0,0.0,1.0,0.0,0.0,0.0576271811765863,0.0576271811765863,0.0495207226925835,4.95207226925835
2024-12-30,Business & Finance,0,,,,0,False,False,False,0,0.0,0.0,0.0,0.0,0.0,0.0,0.0,0.0,0.0,0.0
2024-12-30,Entertainment & Pop Culture,0,,,0.3790828773139618,2402973,False,False,True,1,0.15,0.0,0.0,1.0,0.0,0.0,0.3790828773139618,0.3790828773139618,0.30647155339221227,30.64715533922123
2024-12-30,Lifestyle & Wellness,0,,0.5,0.0600326996178524,380542,False,True,True,2,0.4,0.0,0.625,0.37499999999999994,0.0,0.5,0.0600326996178524,0.3350122623566946,0.27084243207550995,27.084243207550994
2024-12-30,Politics & Civic Life,0,,0.1,0.4836796914044555,3066003,False,True,True,2,0.4,0.0,0.625,0.37499999999999994,0.0,0.1,0.4836796914044555,0.2438798842766708,0.19716597991705564,19.716597991705566
2024-12-30,Science & Technology,0,,0.3,0.0472554280608407,299548,False,True,True,2,0.4,0.0,0.625,0.37499999999999994,0.0,0.3,0.0472554280608407,0.20522078552281525,0.16591182744309826,16.591182744309826
2024-12-30,Sports & Athletics,0,,0.1,0.0299493036028895,189846,False,True,True,2,0.4,0.0,0.625,0.37499999999999994,0.0,0.1,0.0299493036028895,0.07373098885108356,0.05960820717212391,5.960820717212391
2024-12-31,Business & Finance,0,,0.1,,0,False,True,False,1,0.25,0.0,1.0,0.0,0.0,0.1,0.0,0.1,0.08825480101712636,8.825480101712637
2024-12-31,Entertainment & Pop Culture,0,,0.3,0.5858686448258178,2456225,False,True,True,2,0.4,0.0,0.625,0.37499999999999994,0.0,0.3,0.5858686448258178,0.40720074180968163,0.359374204424397,35.9374204424397
2024-12-31,Lifestyle & Wellness,0,,0.1,0.1395234290212167,584945,False,True,True,2,0.4,0.0,0.625,0.37499999999999994,0.0,0.1,0.1395234290212167,0.11482128588295626,0.10133529738130884,10.133529738130884
2024-12-31,Politics & Civic Life,0,,0.4,0.181675392670157,761665,False,True,True,2,0.4,0.0,0.625,0.37499999999999994,0.0,0.4,0.181675392670157,0.31812827225130885,0.2807634736546146,28.076347365461462
2024-12-31,Science & Technology,0,,,0.0929325334828083,389615,False,False,True,1,0.15,0.0,0.0,1.0,0.0,0.0,0.0929325334828083,0.0929325334828083,0.08201742250542679,8.20174225054268
2024-12-31,Sports & Athletics,0,,0.1,,0,False,True,False,1,0.25,0.0,1.0,0.0,0.0,0.1,0.0,0.1,0.08825480101712636,8.825480101712637
2025-01-01,Business & Finance,0,,,,0,False,False,False,0,0.0,0.0,0.0,0.0,0.0,0.0,0.0,0.0,0.0,0.0
2025-01-01,Entertainment & Pop Culture,0,,0.1,0.6059500301107796,2595999,False,True,True,2,0.4,0.0,0.625,0.37499999999999994,0.0,0.1,0.6059500301107796,0.28973126129154236,0.2507211831916275,25.07211831916275
2025-01-01,Lifestyle & Wellness,0,,,0.0849623498545812,363994,False,False,True,1,0.15,0.0,0.0,1.0,0.0,0.0,0.0849623498545812,0.0849623498545812,0.07352282521162458,7.352282521162458
2025-01-01,Politics & Civic Life,0,,0.9,0.1451036137603928,621650,False,True,True,2,0.4,0.0,0.625,0.37499999999999994,0.0,0.9,0.1451036137603928,0.6169138551601473,0.5338511660894618,53.385116608946184
2025-01-01,Science & Technology,0,,,0.0353640603335994,151506,False,False,True,1,0.15,0.0,0.0,1.0,0.0,0.0,0.0353640603335994,0.0353640603335994,0.03060256256013119,3.060256256013119
2025-01-01,Sports & Athletics,0,,,0.1286199459406467,551031,False,False,True,1,0.15,0.0,0.0,1.0,0.0,0.0,0.1286199459406467,0.1286199459406467,0.11130226294715496,11.130226294715497
2025-01-02,Business & Finance,0,,,,0,False,False,False,0,0.0,0.0,0.0,0.0,0.0,0.0,0.0,0.0,0.0,0.0
2025-01-02,Entertainment & Pop Culture,0,,0.1,0.565861939036513,2200108,False,True,True,2,0.4,0.0,0.625,0.37499999999999994,0.0,0.1,0.565861939036513,0.27469822713869235,0.23455805467686885,23.455805467686886
2025-01-02,Lifestyle & Wellness,0,,,0.0845415393003975,328703,False,False,True,1,0.15,0.0,0.0,1.0,0.0,0.0,0.0845415393003975,0.0845415393003975,0.07218793948632722,7.218793948632722
2025-01-02,Politics & Civic Life,0,,0.9,0.1603283381322071,623367,False,True,True,2,0.4,0.0,0.625,0.37499999999999994,0.0,0.9,0.1603283381322071,0.6226231267995777,0.53164256260454,53.164256260454
2025-01-02,Science & Technology,0,,,0.0773436143685869,300717,False,False,True,1,0.15,0.0,0.0,1.0,0.0,0.0,0.0773436143685869,0.0773436143685869,0.06604180855821168,6.604180855821168
2025-01-02,Sports & Athletics,0,,,0.1119245691622953,435170,False,False,True,1,0.15,0.0,0.0,1.0,0.0,0.0,0.1119245691622953,0.1119245691622953,0.09556963467405225,9.556963467405225
2025-01-03,Business & Finance,0,,,,0,False,False,False,0,0.0,0.0,0.0,0.0,0.0,0.0,0.0,0.0,0.0,0.0
2025-01-03,Entertainment & Pop Culture,0,,0.1,0.4673968456872617,1850139,False,True,True,2,0.4,0.0,0.625,0.37499999999999994,0.0,0.1,0.4673968456872617,0.2377738171327231,0.20470233374044824,20.470233374044824
2025-01-03,Lifestyle & Wellness,0,,0.1,0.0312389633158935,123656,False,True,True,2,0.4,0.0,0.625,0.37499999999999994,0.0,0.1,0.0312389633158935,0.07421461124346006,0.06389224979593278,6.389224979593278
2025-01-03,Politics & Civic Life,0,,0.7,0.1179989844355912,467086,False,True,True,2,0.4,0.0,0.625,0.37499999999999994,0.0,0.7,0.1179989844355912,0.4817496191633467,0.4147440307368373,41.47440307368373
2025-01-03,Science & Technology,0,,0.1,0.1248709702682151,494288,False,True,True,2,0.4,0.0,0.625,0.37499999999999994,0.0,0.1,0.1248709702682151,0.10932661385058065,0.09412059437420182,9.412059437420183
2025-01-03,Sports & Athletics,0,,,0.2584942362930383,1023221,False,False,True,1,0.15,0.0,0.0,1.0,0.0,0.0,0.2584942362930383,0.2584942362930383,0.2225407913525799,22.25407913525799
2025-01-04,Business & Finance,0,,,,0,False,False,False,0,0.0,0.0,0.0,0.0,0.0,0.0,0.0,0.0,0.0,0.0
2025-01-04,Entertainment & Pop Culture,0,,0.4,0.6906352283810625,3374807,False,True,True,2,0.4,0.0,0.625,0.37499999999999994,0.0,0.4,0.6906352283810625,0.5089882106428985,0.46135983535292013,46.13598353529201
2025-01-04,Lifestyle & Wellness,0,,0.2,0.0239931190379422,117243,False,True,True,2,0.4,0.0,0.625,0.37499999999999994,0.0,0.2,0.0239931190379422,0.13399741963922832,0.12145866283304467,12.145866283304468
2025-01-04,Politics & Civic Life,0,,0.4,0.120196024742322,587341,False,True,True,2,0.4,0.0,0.625,0.37499999999999994,0.0,0.4,0.120196024742322,0.2950735092783707,0.26746211957586696,26.746211957586695
2025-01-04,Science & Technology,0,,,0.1268271160329444,619744,False,False,True,1,0.15,0.0,0.0,1.0,0.0,0.0,0.1268271160329444,0.1268271160329444,0.11495931761825634,11.495931761825634
2025-01-04,Sports & Athletics,0,,,0.0383485118057286,187391,False,False,True,1,0.15,0.0,0.0,1.0,0.0,0.0,0.0383485118057286,0.0383485118057286,0.03476006461991186,3.4760064619911857
2025-01-05,Business & Finance,0,,,0.0498987807232248,241682,False,False,True,1,0.15,0.0,0.0,1.0,0.0,0.0,0.0498987807232248,0.0498987807232248,0.04344847384745715,4.344847384745715
2025-01-05,Entertainment & Pop Culture,0,,0.8,0.6684723373549198,3237709,False,True,True,2,0.4,0.0,0.625,0.37499999999999994,0.0,0.8,0.6684723373549198,0.7506771265080949,0.6536387267633297,65.36387267633297
2025-01-05,Lifestyle & Wellness,0,,,0.025454815735494,123289,False,False,True,1,0.15,0.0,0.0,1.0,0.0,0.0,0.025454815735494,0.025454815735494,0.022164327058610666,2.2164327058610667
2025-01-05,Politics & Civic Life,0,,0.2,0.0939936346959653,455253,False,True,True,2,0.4,0.0,0.625,0.37499999999999994,0.0,0.2,0.0939936346959653,0.160247613010987,0.1395327525464902,13.95327525464902
2025-01-05,Science & Technology,0,,,0.1105663427580988,535522,False,False,True,1,0.15,0.0,0.0,1.0,0.0,0.0,0.1105663427580988,0.1105663427580988,0.0962736720638607,9.62736720638607
2025-01-05,Sports & Athletics,0,,,0.0516140887322969,249990,False,False,True,1,0.15,0.0,0.0,1.0,0.0,0.0,0.0516140887322969,0.0516140887322969,0.04494204772025149,4.494204772025149
2025-01-06,Business & Finance,0,,,,0,False,False,False,0,0.0,0.0,0.0,0.0,0.0,0.0,0.0,0.0,0.0,0.0
2025-01-06,Entertainment & Pop Culture,0,,0.2,0.8213714341727296,6183993,False,True,True,2,0.4,0.0,0.625,0.37499999999999994,0.0,0.2,0.8213714341727296,0.4330142878147736,0.41736316897809506,41.73631689780951
2025-01-06,Lifestyle & Wellness,0,,0.1,,0,False,True,False,1,0.25,0.0,1.0,0.0,0.0,0.1,0.0,0.1,0.09638554216867472,9.638554216867472
2025-01-06,Politics & Civic Life,0,,0.6,0.0659134055168755,496253,False,True,True,2,0.4,0.0,0.625,0.37499999999999994,0.0,0.6,0.0659134055168755,0.3997175270688283,0.38526990560850927,38.526990560850926
2025-01-06,Science & Technology,0,,0.1,0.1127151603103948,848617,False,True,True,2,0.4,0.0,0.625,0.37499999999999994,0.0,0.1,0.1127151603103948,0.10476818511639804,0.10098138324472102,10.098138324472101
2025-01-06,Sports & Athletics,0,,,,0,False,False,False,0,0.0,0.0,0.0,0.0,0.0,0.0,0.0,0.0,0.0,0.0
2025-01-07,Business & Finance,0,,,0.0257709134169962,126702,False,False,True,1,0.15,0.0,0.0,1.0,0.0,0.0,0.0257709134169962,0.0257709134169962,0.02390518132145211,2.390518132145211
2025-01-07,Entertainment & Pop Culture,0,,0.2,0.5425078099686503,2667225,False,True,True,2,0.4,0.0,0.625,0.37499999999999994,0.0,0.2,0.5425078099686503,0.32844042873824386,0.30466238721306194,30.466238721306194
2025-01-07,Lifestyle & Wellness,0,,,0.0991045816787766,487245,False,False,True,1,0.15,0.0,0.0,1.0,0.0,0.0,0.0991045816787766,0.0991045816787766,0.09192972544214748,9.192972544214747
2025-01-07,Politics & Civic Life,0,,0.7,0.2210320284480358,1086698,False,True,True,2,0.4,0.0,0.625,0.37499999999999994,0.0,0.7,0.2210320284480358,0.5203870106680134,0.48271264762944,48.271264762944
2025-01-07,Science & Technology,0,,0.1,0.1115846664875409,548603,False,True,True,2,0.4,0.0,0.625,0.37499999999999994,0.0,0.1,0.1115846664875409,0.10434424993282783,0.09679005839389856,9.679005839389857
2025-01-07,Sports & Athletics,0,,,,0,False,False,False,0,0.0,0.0,0.0,0.0,0.0,0.0,0.0,0.0,0.0,0.0
2025-01-08,Business & Finance,0,,,0.0298253395237376,118285,False,False,True,1,0.15,0.0,0.0,1.0,0.0,0.0,0.0298253395237376,0.0298253395237376,0.022146508981812682,2.2146508981812683
2025-01-08,Entertainment & Pop Culture,0,,,0.4917279029370968,1950155,False,False,True,1,0.15,0.0,0.0,1.0,0.0,0.0,0.4917279029370968,0.4917279029370968,0.3651276596645974,36.512765966459746
2025-01-08,Lifestyle & Wellness,0,,0.1,0.2256092717886857,894749,False,True,True,2,0.4,0.0,0.625,0.37499999999999994,0.0,0.1,0.2256092717886857,0.14710347692075712,0.10923022251896106,10.923022251896105
2025-01-08,Politics & Civic Life,0,,0.8,0.1323817935950849,525016,False,True,True,2,0.4,0.0,0.625,0.37499999999999994,0.0,0.8,0.1323817935950849,0.5496431725981569,0.40813206666261165,40.813206666261166
2025-01-08,Science & Technology,0,,0.1,0.0872429948841669,345999,False,True,True,2,0.4,0.0,0.625,0.37499999999999994,0.0,0.1,0.0872429948841669,0.09521612308156258,0.07070178441257699,7.070178441257699
2025-01-08,Sports & Athletics,0,,,0.0332126972712279,131719,False,False,True,1,0.15,0.0,0.0,1.0,0.0,0.0,0.0332126972712279,0.0332126972712279,0.0246617577594402,2.46617577594402
2025-01-09,Business & Finance,0,,0.4,,0,False,True,False,1,0.25,0.0,1.0,0.0,0.0,0.4,0.0,0.4,0.2713094866928994,27.13094866928994
2025-01-09,Entertainment & Pop Culture,0,,,0.2624194837306036,1179875,False,False,True,1,0.15,0.0,0.0,1.0,0.0,0.0,0.2624194837306036,0.2624194837306036,0.1779922385729143,17.79922385729143
2025-01-09,Lifestyle & Wellness,0,,,0.2043040909971462,918580,False,False,True,1,0.15,0.0,0.0,1.0,0.0,0.0,0.2043040909971462,0.2043040909971462,0.13857409514423785,13.857409514423786
2025-01-09,Politics & Civic Life,0,,0.6,0.4810703223052835,2162960,False,True,True,2,0.4,0.0,0.625,0.37499999999999994,0.0,0.6,0.4810703223052835,0.5554013708644813,0.37671415209443765,37.671415209443765
2025-01-09,Science & Technology,0,,,0.0522061029669665,234726,False,False,True,1,0.15,0.0,0.0,1.0,0.0,0.0,0.0522061029669665,0.0522061029669665,0.03541002749551083,3.541002749551083
2025-01-09,Sports & Athletics,0,,,,0,False,False,False,0,0.0,0.0,0.0,0.0,0.0,0.0,0.0,0.0,0.0,0.0
2026-05-18,Business & Finance,111322,0.4081047591814589,,,0,True,False,False,1,0.6,1.0,0.0,0.0,0.4081047591814589,0.0,0.0,0.4081047591814589,0.408104759181459,40.8104759181459
2026-05-18,Entertainment & Pop Culture,18392,0.0674247923219614,,,0,True,False,False,1,0.6,1.0,0.0,0.0,0.0674247923219614,0.0,0.0,0.0674247923219614,0.06742479232196141,6.742479232196141
2026-05-18,Lifestyle & Wellness,39111,0.1433803312583859,,,0,True,False,False,1,0.6,1.0,0.0,0.0,0.1433803312583859,0.0,0.0,0.1433803312583859,0.14338033125838592,14.338033125838592
2026-05-18,Politics & Civic Life,18861,0.0691441391901106,,,0,True,False,False,1,0.6,1.0,0.0,0.0,0.0691441391901106,0.0,0.0,0.0691441391901106,0.06914413919011062,6.914413919011062
2026-05-18,Science & Technology,29203,0.1070577539244367,,,0,True,False,False,1,0.6,1.0,0.0,0.0,0.1070577539244367,0.0,0.0,0.1070577539244367,0.10705775392443673,10.705775392443673
2026-05-18,Sports & Athletics,55889,0.2048882241236463,,,0,True,False,False,1,0.6,1.0,0.0,0.0,0.2048882241236463,0.0,0.0,0.2048882241236463,0.20488822412364635,20.488822412364634
2026-05-19,Business & Finance,116452,0.410204024122189,,,0,True,False,False,1,0.6,1.0,0.0,0.0,0.410204024122189,0.0,0.0,0.410204024122189,0.4102040241221891,41.02040241221891
2026-05-19,Entertainment & Pop Culture,18173,0.0640146818463619,,,0,True,False,False,1,0.6,1.0,0.0,0.0,0.0640146818463619,0.0,0.0,0.0640146818463619,0.06401468184636191,6.401468184636191
2026-05-19,Lifestyle & Wellness,39891,0.1405166826354055,,,0,True,False,False,1,0.6,1.0,0.0,0.0,0.1405166826354055,0.0,0.0,0.1405166826354055,0.14051668263540554,14.051668263540554
2026-05-19,Politics & Civic Life,20938,0.0737544383700614,,,0,True,False,False,1,0.6,1.0,0.0,0.0,0.0737544383700614,0.0,0.0,0.0737544383700614,0.07375443837006142,7.3754438370061415
2026-05-19,Science & Technology,30800,0.1084934903905765,,,0,True,False,False,1,0.6,1.0,0.0,0.0,0.1084934903905765,0.0,0.0,0.1084934903905765,0.10849349039057653,10.849349039057653
2026-05-19,Sports & Athletics,57634,0.2030166826354055,,,0,True,False,False,1,0.6,1.0,0.0,0.0,0.2030166826354055,0.0,0.0,0.2030166826354055,0.20301668263540557,20.301668263540556
2026-05-20,Business & Finance,116041,0.411909199013187,,,0,True,False,False,1,0.6,1.0,0.0,0.0,0.411909199013187,0.0,0.0,0.411909199013187,0.4119091990131871,41.190919901318715
2026-05-20,Entertainment & Pop Culture,18518,0.0657330990540084,,,0,True,False,False,1,0.6,1.0,0.0,0.0,0.0657330990540084,0.0,0.0,0.0657330990540084,0.06573309905400843,6.573309905400842
2026-05-20,Lifestyle & Wellness,39415,0.1399109028628223,,,0,True,False,False,1,0.6,1.0,0.0,0.0,0.1399109028628223,0.0,0.0,0.1399109028628223,0.13991090286282235,13.991090286282235
2026-05-20,Politics & Civic Life,21183,0.0751930142164954,,,0,True,False,False,1,0.6,1.0,0.0,0.0,0.0751930142164954,0.0,0.0,0.0751930142164954,0.07519301421649542,7.519301421649542
2026-05-20,Science & Technology,29966,0.1063699128551905,,,0,True,False,False,1,0.6,1.0,0.0,0.0,0.1063699128551905,0.0,0.0,0.1063699128551905,0.10636991285519054,10.636991285519054
2026-05-20,Sports & Athletics,56592,0.2008838719982961,,,0,True,False,False,1,0.6,1.0,0.0,0.0,0.2008838719982961,0.0,0.0,0.2008838719982961,0.20088387199829616,20.088387199829615
2026-05-21,Business & Finance,105884,0.40205042527339,,,0,True,False,False,1,0.6,1.0,0.0,0.0,0.40205042527339,0.0,0.0,0.40205042527339,0.40205042527339013,40.20504252733901
2026-05-21,Entertainment & Pop Culture,18976,0.0720534629404617,,,0,True,False,False,1,0.6,1.0,0.0,0.0,0.0720534629404617,0.0,0.0,0.0720534629404617,0.07205346294046171,7.205346294046171
2026-05-21,Lifestyle & Wellness,38121,0.1447486330498177,,,0,True,False,False,1,0.6,1.0,0.0,0.0,0.1447486330498177,0.0,0.0,0.1447486330498177,0.14474863304981772,14.474863304981772
2026-05-21,Politics & Civic Life,18325,0.0695815613608748,,,0,True,False,False,1,0.6,1.0,0.0,0.0,0.0695815613608748,0.0,0.0,0.0695815613608748,0.06958156136087482,6.9581561360874815
2026-05-21,Science & Technology,27003,0.1025326549210206,,,0,True,False,False,1,0.6,1.0,0.0,0.0,0.1025326549210206,0.0,0.0,0.1025326549210206,0.10253265492102062,10.253265492102063
2026-05-21,Sports & Athletics,55051,0.209033262454435,,,0,True,False,False,1,0.6,1.0,0.0,0.0,0.209033262454435,0.0,0.0,0.209033262454435,0.20903326245443504,20.903326245443505
2026-05-22,Business & Finance,72699,0.3723685423645471,,,0,True,False,False,1,0.6,1.0,0.0,0.0,0.3723685423645471,0.0,0.0,0.3723685423645471,0.3723685423645472,37.23685423645472
2026-05-22,Entertainment & Pop Culture,14879,0.0762111107696405,,,0,True,False,False,1,0.6,1.0,0.0,0.0,0.0762111107696405,0.0,0.0,0.0762111107696405,0.07621111076964053,7.621111076964053
2026-05-22,Lifestyle & Wellness,28472,0.14583525410533,,,0,True,False,False,1,0.6,1.0,0.0,0.0,0.14583525410533,0.0,0.0,0.14583525410533,0.14583525410533005,14.583525410533005
2026-05-22,Politics & Civic Life,13419,0.0687329051292295,,,0,True,False,False,1,0.6,1.0,0.0,0.0,0.0687329051292295,0.0,0.0,0.0687329051292295,0.06873290512922953,6.873290512922953
2026-05-22,Science & Technology,18120,0.0928117028796213,,,0,True,False,False,1,0.6,1.0,0.0,0.0,0.0928117028796213,0.0,0.0,0.0928117028796213,0.09281170287962133,9.281170287962134
2026-05-22,Sports & Athletics,47645,0.2440404847516313,,,0,True,False,False,1,0.6,1.0,0.0,0.0,0.2440404847516313,0.0,0.0,0.2440404847516313,0.24404048475163137,24.404048475163137
2026-05-23,Business & Finance,44634,0.3307422694163066,,,0,True,False,False,1,0.6,1.0,0.0,0.0,0.3307422694163066,0.0,0.0,0.3307422694163066,0.3307422694163067,33.07422694163067
2026-05-23,Entertainment & Pop Culture,9843,0.0729375847529844,,,0,True,False,False,1,0.6,1.0,0.0,0.0,0.0729375847529844,0.0,0.0,0.0729375847529844,0.07293758475298442,7.293758475298443
2026-05-23,Lifestyle & Wellness,19032,0.1410289660691658,,,0,True,False,False,1,0.6,1.0,0.0,0.0,0.1410289660691658,0.0,0.0,0.1410289660691658,0.14102896606916585,14.102896606916584
2026-05-23,Politics & Civic Life,9763,0.0723447769931308,,,0,True,False,False,1,0.6,1.0,0.0,0.0,0.0723447769931308,0.0,0.0,0.0723447769931308,0.07234477699313083,7.234477699313083
2026-05-23,Science & Technology,10914,0.0808737986380241,,,0,True,False,False,1,0.6,1.0,0.0,0.0,0.0808737986380241,0.0,0.0,0.0808737986380241,0.08087379863802413,8.087379863802413
2026-05-23,Sports & Athletics,40765,0.302072604130388,,,0,True,False,False,1,0.6,1.0,0.0,0.0,0.302072604130388,0.0,0.0,0.302072604130388,0.3020726041303881,30.20726041303881
2026-05-24,Business & Finance,56815,0.3585537941131923,,,0,True,False,False,1,0.6,1.0,0.0,0.0,0.3585537941131923,0.0,0.0,0.3585537941131923,0.3585537941131924,35.85537941131924
2026-05-24,Entertainment & Pop Culture,11397,0.0719253294289897,,,0,True,False,False,1,0.6,1.0,0.0,0.0,0.0719253294289897,0.0,0.0,0.0719253294289897,0.07192532942898971,7.192532942898971
2026-05-24,Lifestyle & Wellness,21764,0.1373504316655728,,,0,True,False,False,1,0.6,1.0,0.0,0.0,0.1373504316655728,0.0,0.0,0.1373504316655728,0.13735043166557281,13.735043166557281
2026-05-24,Politics & Civic Life,11403,0.0719631948301105,,,0,True,False,False,1,0.6,1.0,0.0,0.0,0.0719631948301105,0.0,0.0,0.0719631948301105,0.07196319483011052,7.1963194830110515
2026-05-24,Science & Technology,14672,0.0925935275407684,,,0,True,False,False,1,0.6,1.0,0.0,0.0,0.0925935275407684,0.0,0.0,0.0925935275407684,0.09259352754076841,9.259352754076842
2026-05-24,Sports & Athletics,42405,0.2676137224213661,,,0,True,False,False,1,0.6,1.0,0.0,0.0,0.2676137224213661,0.0,0.0,0.2676137224213661,0.26761372242136616,26.761372242136616
2026-05-25,Business & Finance,88137,0.3958829289326877,,,0,True,False,False,1,0.6,1.0,0.0,0.0,0.3958829289326877,0.0,0.0,0.3958829289326877,0.39588292893268784,39.588292893268786
2026-05-25,Entertainment & Pop Culture,16146,0.0725226155933056,,,0,True,False,False,1,0.6,1.0,0.0,0.0,0.0725226155933056,0.0,0.0,0.0725226155933056,0.07252261559330561,7.252261559330561
2026-05-25,Lifestyle & Wellness,30964,0.1390802842333156,,,0,True,False,False,1,0.6,1.0,0.0,0.0,0.1390802842333156,0.0,0.0,0.1390802842333156,0.13908028423331562,13.908028423331562
2026-05-25,Politics & Civic Life,15487,0.0695626005012711,,,0,True,False,False,1,0.6,1.0,0.0,0.0,0.0695626005012711,0.0,0.0,0.0695626005012711,0.06956260050127111,6.956260050127111
2026-05-25,Science & Technology,22766,0.10225751682133,,,0,True,False,False,1,0.6,1.0,0.0,0.0,0.10225751682133,0.0,0.0,0.10225751682133,0.10225751682133002,10.225751682133003
2026-05-25,Sports & Athletics,49134,0.2206940539180897,,,0,True,False,False,1,0.6,1.0,0.0,0.0,0.2206940539180897,0.0,0.0,0.2206940539180897,0.22069405391808974,22.069405391808974
2026-05-26,Business & Finance,103707,0.4010681537801119,,,0,True,False,False,1,0.6,1.0,0.0,0.0,0.4010681537801119,0.0,0.0,0.4010681537801119,0.401068153780112,40.1068153780112
2026-05-26,Entertainment & Pop Culture,18145,0.070172521144572,,,0,True,False,False,1,0.6,1.0,0.0,0.0,0.070172521144572,0.0,0.0,0.070172521144572,0.07017252114457201,7.017252114457201
2026-05-26,Lifestyle & Wellness,37033,0.1432184610386848,,,0,True,False,False,1,0.6,1.0,0.0,0.0,0.1432184610386848,0.0,0.0,0.1432184610386848,0.14321846103868482,14.321846103868483
2026-05-26,Politics & Civic Life,17672,0.0683432787912304,,,0,True,False,False,1,0.6,1.0,0.0,0.0,0.0683432787912304,0.0,0.0,0.0683432787912304,0.06834327879123041,6.834327879123041
2026-05-26,Science & Technology,26657,0.1030911488647482,,,0,True,False,False,1,0.6,1.0,0.0,0.0,0.1030911488647482,0.0,0.0,0.1030911488647482,0.10309114886474822,10.309114886474822
2026-05-26,Sports & Athletics,55363,0.2141064363806525,,,0,True,False,False,1,0.6,1.0,0.0,0.0,0.2141064363806525,0.0,0.0,0.2141064363806525,0.21410643638065255,21.410643638065256
2026-05-27,Business & Finance,132323,0.4059448465009832,,,0,True,False,False,1,0.6,1.0,0.0,0.0,0.4059448465009832,0.0,0.0,0.4059448465009832,0.40594484650098334,40.59448465009833
2026-05-27,Entertainment & Pop Culture,23280,0.0714191487990968,,,0,True,False,False,1,0.6,1.0,0.0,0.0,0.0714191487990968,0.0,0.0,0.0714191487990968,0.07141914879909682,7.141914879909682
2026-05-27,Lifestyle & Wellness,45690,0.1401692830167841,,,0,True,False,False,1,0.6,1.0,0.0,0.0,0.1401692830167841,0.0,0.0,0.1401692830167841,0.14016928301678414,14.016928301678414
2026-05-27,Politics & Civic Life,20844,0.0639459079711501,,,0,True,False,False,1,0.6,1.0,0.0,0.0,0.0639459079711501,0.0,0.0,0.0639459079711501,0.06394590797115011,6.394590797115011
2026-05-27,Science & Technology,39779,0.1220353230274601,,,0,True,False,False,1,0.6,1.0,0.0,0.0,0.1220353230274601,0.0,0.0,0.1220353230274601,0.12203532302746013,12.203532302746014
2026-05-27,Sports & Athletics,64047,0.1964854906845255,,,0,True,False,False,1,0.6,1.0,0.0,0.0,0.1964854906845255,0.0,0.0,0.1964854906845255,0.19648549068452556,19.648549068452557
2026-05-28,Business & Finance,164446,0.4113000850382672,,,0,True,False,False,1,0.6,1.0,0.0,0.0,0.4113000850382672,0.0,0.0,0.4113000850382672,0.4113000850382673,41.13000850382673
2026-05-28,Entertainment & Pop Culture,31230,0.0781101495673052,,,0,True,False,False,1,0.6,1.0,0.0,0.0,0.0781101495673052,0.0,0.0,0.0781101495673052,0.07811014956730522,7.8110149567305225
2026-05-28,Lifestyle & Wellness,54548,0.1364313941273573,,,0,True,False,False,1,0.6,1.0,0.0,0.0,0.1364313941273573,0.0,0.0,0.1364313941273573,0.13643139412735733,13.643139412735733
2026-05-28,Politics & Civic Life,24795,0.0620154069331199,,,0,True,False,False,1,0.6,1.0,0.0,0.0,0.0620154069331199,0.0,0.0,0.0620154069331199,0.06201540693311992,6.201540693311991
2026-05-28,Science & Technology,53006,0.1325746585963683,,,0,True,False,False,1,0.6,1.0,0.0,0.0,0.1325746585963683,0.0,0.0,0.1325746585963683,0.13257465859636833,13.257465859636833
2026-05-28,Sports & Athletics,71795,0.1795683057375819,,,0,True,False,False,1,0.6,1.0,0.0,0.0,0.1795683057375819,0.0,0.0,0.1795683057375819,0.17956830573758192,17.956830573758193
2026-05-29,Business & Finance,131421,0.3926437372276731,,,0,True,False,False,1,0.6,1.0,0.0,0.0,0.3926437372276731,0.0,0.0,0.3926437372276731,0.39264373722767315,39.26437372276732
2026-05-29,Entertainment & Pop Culture,27994,0.0836370806792786,,,0,True,False,False,1,0.6,1.0,0.0,0.0,0.0836370806792786,0.0,0.0,0.0836370806792786,0.08363708067927861,8.363708067927861
2026-05-29,Lifestyle & Wellness,45706,0.1365548478076413,,,0,True,False,False,1,0.6,1.0,0.0,0.0,0.1365548478076413,0.0,0.0,0.1365548478076413,0.13655484780764132,13.655484780764132
2026-05-29,Politics & Civic Life,21930,0.0655197963598121,,,0,True,False,False,1,0.6,1.0,0.0,0.0,0.0655197963598121,0.0,0.0,0.0655197963598121,0.06551979635981212,6.551979635981212
2026-05-29,Science & Technology,43091,0.1287420677127526,,,0,True,False,False,1,0.6,1.0,0.0,0.0,0.1287420677127526,0.0,0.0,0.1287420677127526,0.12874206771275262,12.874206771275261
2026-05-29,Sports & Athletics,64566,0.1929024702128422,,,0,True,False,False,1,0.6,1.0,0.0,0.0,0.1929024702128422,0.0,0.0,0.1929024702128422,0.19290247021284224,19.290247021284223
2026-05-30,Business & Finance,88523,0.3553228383119124,,,0,True,False,False,1,0.6,1.0,0.0,0.0,0.3553228383119124,0.0,0.0,0.3553228383119124,0.35532283831191247,35.53228383119125
2026-05-30,Entertainment & Pop Culture,20530,0.0824054524874164,,,0,True,False,False,1,0.6,1.0,0.0,0.0,0.0824054524874164,0.0,0.0,0.0824054524874164,0.08240545248741642,8.240545248741642
2026-05-30,Lifestyle & Wellness,33596,0.1348511242945563,,,0,True,False,False,1,0.6,1.0,0.0,0.0,0.1348511242945563,0.0,0.0,0.1348511242945563,0.13485112429455634,13.485112429455635
2026-05-30,Politics & Civic Life,18824,0.0755577319835911,,,0,True,False,False,1,0.6,1.0,0.0,0.0,0.0755577319835911,0.0,0.0,0.0755577319835911,0.07555773198359111,7.555773198359112
2026-05-30,Science & Technology,31535,0.1265784678125025,,,0,True,False,False,1,0.6,1.0,0.0,0.0,0.1265784678125025,0.0,0.0,0.1265784678125025,0.12657846781250254,12.657846781250253
2026-05-30,Sports & Athletics,56126,0.2252843851100211,,,0,True,False,False,1,0.6,1.0,0.0,0.0,0.2252843851100211,0.0,0.0,0.2252843851100211,0.22528438511002116,22.528438511002115
2026-05-31,Business & Finance,135389,0.3922488346018234,,,0,True,False,False,1,0.6,1.0,0.0,0.0,0.3922488346018234,0.0,0.0,0.3922488346018234,0.3922488346018235,39.224883460182355
2026-05-31,Entertainment & Pop Culture,26743,0.0774797847960806,,,0,True,False,False,1,0.6,1.0,0.0,0.0,0.0774797847960806,0.0,0.0,0.0774797847960806,0.07747978479608061,7.7479784796080615
2026-05-31,Lifestyle & Wellness,44380,0.1285776782429069,,,0,True,False,False,1,0.6,1.0,0.0,0.0,0.1285776782429069,0.0,0.0,0.1285776782429069,0.12857767824290692,12.857767824290692
2026-05-31,Politics & Civic Life,26987,0.0781867012785337,,,0,True,False,False,1,0.6,1.0,0.0,0.0,0.0781867012785337,0.0,0.0,0.0781867012785337,0.07818670127853371,7.818670127853371
2026-05-31,Science & Technology,45558,0.1319905783098322,,,0,True,False,False,1,0.6,1.0,0.0,0.0,0.1319905783098322,0.0,0.0,0.1319905783098322,0.13199057830983224,13.199057830983223
2026-05-31,Sports & Athletics,66104,0.1915164227708229,,,0,True,False,False,1,0.6,1.0,0.0,0.0,0.1915164227708229,0.0,0.0,0.1915164227708229,0.19151642277082295,19.151642277082296
2026-06-01,Business & Finance,191785,0.4112724925534128,,,0,True,False,False,1,0.6,1.0,0.0,0.0,0.4112724925534128,0.0,0.0,0.4112724925534128,0.4112724925534129,41.12724925534129
2026-06-01,Entertainment & Pop Culture,34590,0.0741763720698831,,,0,True,False,False,1,0.6,1.0,0.0,0.0,0.0741763720698831,0.0,0.0,0.0741763720698831,0.07417637206988312,7.417637206988312
2026-06-01,Lifestyle & Wellness,59781,0.1281971002807079,,,0,True,False,False,1,0.6,1.0,0.0,0.0,0.1281971002807079,0.0,0.0,0.1281971002807079,0.12819710028070794,12.819710028070794
2026-06-01,Politics & Civic Life,35215,0.0755166505475841,,,0,True,False,False,1,0.6,1.0,0.0,0.0,0.0755166505475841,0.0,0.0,0.0755166505475841,0.07551665054758411,7.551665054758411
2026-06-01,Science & Technology,66514,0.142635652265285,,,0,True,False,False,1,0.6,1.0,0.0,0.0,0.142635652265285,0.0,0.0,0.142635652265285,0.14263565226528502,14.263565226528502
2026-06-01,Sports & Athletics,78436,0.1682017322831268,,,0,True,False,False,1,0.6,1.0,0.0,0.0,0.1682017322831268,0.0,0.0,0.1682017322831268,0.16820173228312682,16.820173228312683
2026-06-02,Business & Finance,199947,0.4131716852780969,,,0,True,False,False,1,0.6,1.0,0.0,0.0,0.4131716852780969,0.0,0.0,0.4131716852780969,0.413171685278097,41.3171685278097
2026-06-02,Entertainment & Pop Culture,35966,0.0743203590587107,,,0,True,False,False,1,0.6,1.0,0.0,0.0,0.0743203590587107,0.0,0.0,0.0743203590587107,0.07432035905871073,7.432035905871073
2026-06-02,Lifestyle & Wellness,61314,0.1266996189547291,,,0,True,False,False,1,0.6,1.0,0.0,0.0,0.1266996189547291,0.0,0.0,0.1266996189547291,0.12669961895472914,12.669961895472914
2026-06-02,Politics & Civic Life,37057,0.0765748080308803,,,0,True,False,False,1,0.6,1.0,0.0,0.0,0.0765748080308803,0.0,0.0,0.0765748080308803,0.07657480803088033,7.657480803088033
2026-06-02,Science & Technology,68389,0.141319441574436,,,0,True,False,False,1,0.6,1.0,0.0,0.0,0.141319441574436,0.0,0.0,0.141319441574436,0.14131944157443604,14.131944157443604
2026-06-02,Sports & Athletics,81259,0.1679140871031467,,,0,True,False,False,1,0.6,1.0,0.0,0.0,0.1679140871031467,0.0,0.0,0.1679140871031467,0.16791408710314676,16.791408710314677
2026-06-03,Business & Finance,197442,0.4129151800839039,,,0,True,False,False,1,0.6,1.0,0.0,0.0,0.4129151800839039,0.0,0.0,0.4129151800839039,0.412915180083904,41.2915180083904
2026-06-03,Entertainment & Pop Culture,36499,0.0763312322498881,,,0,True,False,False,1,0.6,1.0,0.0,0.0,0.0763312322498881,0.0,0.0,0.0763312322498881,0.07633123224988811,7.633123224988811
2026-06-03,Lifestyle & Wellness,60829,0.1272131435526574,,,0,True,False,False,1,0.6,1.0,0.0,0.0,0.1272131435526574,0.0,0.0,0.1272131435526574,0.12721314355265742,12.721314355265742
2026-06-03,Politics & Civic Life,36832,0.0770276431197534,,,0,True,False,False,1,0.6,1.0,0.0,0.0,0.0770276431197534,0.0,0.0,0.0770276431197534,0.07702764311975341,7.702764311975341
2026-06-03,Science & Technology,64187,0.134235809321449,,,0,True,False,False,1,0.6,1.0,0.0,0.0,0.134235809321449,0.0,0.0,0.134235809321449,0.13423580932144902,13.423580932144901
2026-06-03,Sports & Athletics,82377,0.172276991672348,,,0,True,False,False,1,0.6,1.0,0.0,0.0,0.172276991672348,0.0,0.0,0.172276991672348,0.17227699167234803,17.227699167234803
2026-06-04,Business & Finance,184449,0.4078212784586505,,,0,True,False,False,1,0.6,1.0,0.0,0.0,0.4078212784586505,0.0,0.0,0.4078212784586505,0.4078212784586506,40.78212784586506
2026-06-04,Entertainment & Pop Culture,36709,0.0811645024420766,,,0,True,False,False,1,0.6,1.0,0.0,0.0,0.0811645024420766,0.0,0.0,0.0811645024420766,0.08116450244207662,8.116450244207662
2026-06-04,Lifestyle & Wellness,58342,0.1289955978499996,,,0,True,False,False,1,0.6,1.0,0.0,0.0,0.1289955978499996,0.0,0.0,0.1289955978499996,0.12899559784999964,12.899559784999964
2026-06-04,Politics & Civic Life,33760,0.0746441908644885,,,0,True,False,False,1,0.6,1.0,0.0,0.0,0.0746441908644885,0.0,0.0,0.0746441908644885,0.07464419086448852,7.464419086448852
2026-06-04,Science & Technology,59031,0.13051899380692,,,0,True,False,False,1,0.6,1.0,0.0,0.0,0.13051899380692,0.0,0.0,0.13051899380692,0.13051899380692006,13.051899380692007
2026-06-04,Sports & Athletics,79988,0.1768554365778645,,,0,True,False,False,1,0.6,1.0,0.0,0.0,0.1768554365778645,0.0,0.0,0.1768554365778645,0.17685543657786457,17.685543657786457
2026-06-05,Business & Finance,132468,0.3864914149002903,,,0,True,False,False,1,0.6,1.0,0.0,0.0,0.3864914149002903,0.0,0.0,0.3864914149002903,0.38649141490029043,38.649141490029045
2026-06-05,Entertainment & Pop Culture,29160,0.0850778275394243,,,0,True,False,False,1,0.6,1.0,0.0,0.0,0.0850778275394243,0.0,0.0,0.0850778275394243,0.08507782753942432,8.507782753942433
2026-06-05,Lifestyle & Wellness,43381,0.1265693153802389,,,0,True,False,False,1,0.6,1.0,0.0,0.0,0.1265693153802389,0.0,0.0,0.1265693153802389,0.12656931538023894,12.656931538023894
2026-06-05,Politics & Civic Life,25299,0.0738128929670746,,,0,True,False,False,1,0.6,1.0,0.0,0.0,0.0738128929670746,0.0,0.0,0.0738128929670746,0.07381289296707462,7.381289296707462
2026-06-05,Science & Technology,43940,0.1282002655035084,,,0,True,False,False,1,0.6,1.0,0.0,0.0,0.1282002655035084,0.0,0.0,0.1282002655035084,0.12820026550350844,12.820026550350844
2026-06-05,Sports & Athletics,68497,0.1998482837094633,,,0,True,False,False,1,0.6,1.0,0.0,0.0,0.1998482837094633,0.0,0.0,0.1998482837094633,0.19984828370946336,19.984828370946335
2026-06-06,Business & Finance,85363,0.3498139527259614,,,0,True,False,False,1,0.6,1.0,0.0,0.0,0.3498139527259614,0.0,0.0,0.3498139527259614,0.34981395272596144,34.981395272596146
2026-06-06,Entertainment & Pop Culture,21148,0.0866636068583418,,,0,True,False,False,1,0.6,1.0,0.0,0.0,0.0866636068583418,0.0,0.0,0.0866636068583418,0.08666360685834182,8.666360685834182
2026-06-06,Lifestyle & Wellness,30395,0.1245574205815821,,,0,True,False,False,1,0.6,1.0,0.0,0.0,0.1245574205815821,0.0,0.0,0.1245574205815821,0.12455742058158213,12.455742058158213
2026-06-06,Politics & Civic Life,19736,0.080877290758286,,,0,True,False,False,1,0.6,1.0,0.0,0.0,0.080877290758286,0.0,0.0,0.080877290758286,0.08087729075828601,8.087729075828602
2026-06-06,Science & Technology,31002,0.1270448808313936,,,0,True,False,False,1,0.6,1.0,0.0,0.0,0.1270448808313936,0.0,0.0,0.1270448808313936,0.12704488083139362,12.704488083139362
2026-06-06,Sports & Athletics,56380,0.2310428482444349,,,0,True,False,False,1,0.6,1.0,0.0,0.0,0.2310428482444349,0.0,0.0,0.2310428482444349,0.23104284824443497,23.104284824443496
2026-06-07,Business & Finance,127243,0.3789249553305539,,,0,True,False,False,1,0.6,1.0,0.0,0.0,0.3789249553305539,0.0,0.0,0.3789249553305539,0.37892495533055404,37.8924955330554
2026-06-07,Entertainment & Pop Culture,28762,0.0856521739130434,,,0,True,False,False,1,0.6,1.0,0.0,0.0,0.0856521739130434,0.0,0.0,0.0856521739130434,0.08565217391304342,8.565217391304342
2026-06-07,Lifestyle & Wellness,42320,0.1260273972602739,,,0,True,False,False,1,0.6,1.0,0.0,0.0,0.1260273972602739,0.0,0.0,0.1260273972602739,0.12602739726027393,12.602739726027393
2026-06-07,Politics & Civic Life,28742,0.0855926146515783,,,0,True,False,False,1,0.6,1.0,0.0,0.0,0.0855926146515783,0.0,0.0,0.0855926146515783,0.08559261465157832,8.559261465157832
2026-06-07,Science & Technology,43231,0.1287403216200119,,,0,True,False,False,1,0.6,1.0,0.0,0.0,0.1287403216200119,0.0,0.0,0.1287403216200119,0.12874032162001192,12.874032162001193
2026-06-07,Sports & Athletics,65502,0.1950625372245384,,,0,True,False,False,1,0.6,1.0,0.0,0.0,0.1950625372245384,0.0,0.0,0.1950625372245384,0.19506253722453845,19.506253722453845
2026-06-08,Business & Finance,179177,0.4038974798250755,,,0,True,False,False,1,0.6,1.0,0.0,0.0,0.4038974798250755,0.0,0.0,0.4038974798250755,0.4038974798250756,40.389747982507565
2026-06-08,Entertainment & Pop Culture,34305,0.0773296965871692,,,0,True,False,False,1,0.6,1.0,0.0,0.0,0.0773296965871692,0.0,0.0,0.0773296965871692,0.07732969658716922,7.732969658716922
2026-06-08,Lifestyle & Wellness,56215,0.1267188133988548,,,0,True,False,False,1,0.6,1.0,0.0,0.0,0.1267188133988548,0.0,0.0,0.1267188133988548,0.12671881339885482,12.671881339885482
2026-06-08,Politics & Civic Life,34851,0.0785604796898246,,,0,True,False,False,1,0.6,1.0,0.0,0.0,0.0785604796898246,0.0,0.0,0.0785604796898246,0.07856047968982462,7.856047968982462
2026-06-08,Science & Technology,58981,0.132953879446373,,,0,True,False,False,1,0.6,1.0,0.0,0.0,0.132953879446373,0.0,0.0,0.132953879446373,0.13295387944637302,13.295387944637302
2026-06-08,Sports & Athletics,80091,0.1805396510527027,,,0,True,False,False,1,0.6,1.0,0.0,0.0,0.1805396510527027,0.0,0.0,0.1805396510527027,0.18053965105270273,18.053965105270272
2026-06-09,Business & Finance,188766,0.4114189317309515,,,0,True,False,False,1,0.6,1.0,0.0,0.0,0.4114189317309515,0.0,0.0,0.4114189317309515,0.4114189317309516,41.14189317309516
2026-06-09,Entertainment & Pop Culture,33759,0.0735783547688948,,,0,True,False,False,1,0.6,1.0,0.0,0.0,0.0735783547688948,0.0,0.0,0.0735783547688948,0.07357835476889481,7.3578354768894805
2026-06-09,Lifestyle & Wellness,57513,0.1253506299897344,,,0,True,False,False,1,0.6,1.0,0.0,0.0,0.1253506299897344,0.0,0.0,0.1253506299897344,0.12535062998973442,12.535062998973443
2026-06-09,Politics & Civic Life,32898,0.0717017896023905,,,0,True,False,False,1,0.6,1.0,0.0,0.0,0.0717017896023905,0.0,0.0,0.0717017896023905,0.07170178960239051,7.170178960239052
2026-06-09,Science & Technology,61351,0.1337156208248604,,,0,True,False,False,1,0.6,1.0,0.0,0.0,0.1337156208248604,0.0,0.0,0.1337156208248604,0.13371562082486044,13.371562082486044
2026-06-09,Sports & Athletics,84530,0.1842346730831682,,,0,True,False,False,1,0.6,1.0,0.0,0.0,0.1842346730831682,0.0,0.0,0.1842346730831682,0.18423467308316824,18.423467308316823
2026-06-10,Business & Finance,190410,0.4133713395002898,,,0,True,False,False,1,0.6,1.0,0.0,0.0,0.4133713395002898,0.0,0.0,0.4133713395002898,0.4133713395002899,41.33713395002899
2026-06-10,Entertainment & Pop Culture,34562,0.0750325100352345,,,0,True,False,False,1,0.6,1.0,0.0,0.0,0.0750325100352345,0.0,0.0,0.0750325100352345,0.07503251003523453,7.503251003523453
2026-06-10,Lifestyle & Wellness,57851,0.1255918563175845,,,0,True,False,False,1,0.6,1.0,0.0,0.0,0.1255918563175845,0.0,0.0,0.1255918563175845,0.12559185631758454,12.559185631758455
2026-06-10,Politics & Civic Life,29599,0.0642580656366213,,,0,True,False,False,1,0.6,1.0,0.0,0.0,0.0642580656366213,0.0,0.0,0.0642580656366213,0.06425806563662133,6.425806563662133
2026-06-10,Science & Technology,60030,0.1303223649503828,,,0,True,False,False,1,0.6,1.0,0.0,0.0,0.1303223649503828,0.0,0.0,0.1303223649503828,0.13032236495038285,13.032236495038285
2026-06-10,Sports & Athletics,88175,0.1914238635598868,,,0,True,False,False,1,0.6,1.0,0.0,0.0,0.1914238635598868,0.0,0.0,0.1914238635598868,0.19142386355988686,19.142386355988688
2026-06-11,Business & Finance,176951,0.4056146190063587,,,0,True,False,False,1,0.6,1.0,0.0,0.0,0.4056146190063587,0.0,0.0,0.4056146190063587,0.4056146190063588,40.561461900635884
2026-06-11,Entertainment & Pop Culture,34051,0.0780531525212376,,,0,True,False,False,1,0.6,1.0,0.0,0.0,0.0780531525212376,0.0,0.0,0.0780531525212376,0.07805315252123761,7.805315252123761
2026-06-11,Lifestyle & Wellness,55175,0.1264744850477015,,,0,True,False,False,1,0.6,1.0,0.0,0.0,0.1264744850477015,0.0,0.0,0.1264744850477015,0.12647448504770153,12.647448504770153
2026-06-11,Politics & Civic Life,27274,0.062518624471065,,,0,True,False,False,1,0.6,1.0,0.0,0.0,0.062518624471065,0.0,0.0,0.062518624471065,0.06251862447106502,6.251862447106501
2026-06-11,Science & Technology,55610,0.1274716105754904,,,0,True,False,False,1,0.6,1.0,0.0,0.0,0.1274716105754904,0.0,0.0,0.1274716105754904,0.12747161057549042,12.747161057549041
2026-06-11,Sports & Athletics,87193,0.1998675083781466,,,0,True,False,False,1,0.6,1.0,0.0,0.0,0.1998675083781466,0.0,0.0,0.1998675083781466,0.19986750837814665,19.986750837814665
2026-06-12,Business & Finance,124501,0.3748077056232746,,,0,True,False,False,1,0.6,1.0,0.0,0.0,0.3748077056232746,0.0,0.0,0.3748077056232746,0.3748077056232747,37.48077056232747
2026-06-12,Entertainment & Pop Culture,27967,0.0841940795910564,,,0,True,False,False,1,0.6,1.0,0.0,0.0,0.0841940795910564,0.0,0.0,0.0841940795910564,0.08419407959105643,8.419407959105643
2026-06-12,Lifestyle & Wellness,41084,0.1236825389179734,,,0,True,False,False,1,0.6,1.0,0.0,0.0,0.1236825389179734,0.0,0.0,0.1236825389179734,0.12368253891797344,12.368253891797345
2026-06-12,Politics & Civic Life,23049,0.0693885415130067,,,0,True,False,False,1,0.6,1.0,0.0,0.0,0.0693885415130067,0.0,0.0,0.0693885415130067,0.06938854151300673,6.938854151300673
2026-06-12,Science & Technology,41377,0.1245646094053399,,,0,True,False,False,1,0.6,1.0,0.0,0.0,0.1245646094053399,0.0,0.0,0.1245646094053399,0.12456460940533993,12.456460940533994
2026-06-12,Sports & Athletics,74195,0.2233625249493487,,,0,True,False,False,1,0.6,1.0,0.0,0.0,0.2233625249493487,0.0,0.0,0.2233625249493487,0.22336252494934877,22.33625249493488
2026-06-13,Business & Finance,80864,0.3355909694555113,,,0,True,False,False,1,0.6,1.0,0.0,0.0,0.3355909694555113,0.0,0.0,0.3355909694555113,0.33559096945551137,33.55909694555114
2026-06-13,Entertainment & Pop Culture,19244,0.0798638778220451,,,0,True,False,False,1,0.6,1.0,0.0,0.0,0.0798638778220451,0.0,0.0,0.0798638778220451,0.07986387782204511,7.9863877822045115
2026-06-13,Lifestyle & Wellness,29125,0.1208706839309429,,,0,True,False,False,1,0.6,1.0,0.0,0.0,0.1208706839309429,0.0,0.0,0.1208706839309429,0.12087068393094293,12.087068393094293
2026-06-13,Politics & Civic Life,18901,0.0784404050464807,,,0,True,False,False,1,0.6,1.0,0.0,0.0,0.0784404050464807,0.0,0.0,0.0784404050464807,0.07844040504648071,7.8440405046480715
2026-06-13,Science & Technology,27995,0.1161811088977423,,,0,True,False,False,1,0.6,1.0,0.0,0.0,0.1161811088977423,0.0,0.0,0.1161811088977423,0.11618110889774233,11.618110889774233
2026-06-13,Sports & Athletics,64831,0.2690529548472775,,,0,True,False,False,1,0.6,1.0,0.0,0.0,0.2690529548472775,0.0,0.0,0.2690529548472775,0.26905295484727754,26.905295484727752
2026-06-14,Business & Finance,122455,0.3718702075646456,,,0,True,False,False,1,0.6,1.0,0.0,0.0,0.3718702075646456,0.0,0.0,0.3718702075646456,0.3718702075646457,37.18702075646457
2026-06-14,Entertainment & Pop Culture,23900,0.0725792981976647,,,0,True,False,False,1,0.6,1.0,0.0,0.0,0.0725792981976647,0.0,0.0,0.0725792981976647,0.07257929819766473,7.257929819766473
2026-06-14,Lifestyle & Wellness,40490,0.1229596562352905,,,0,True,False,False,1,0.6,1.0,0.0,0.0,0.1229596562352905,0.0,0.0,0.1229596562352905,0.12295965623529054,12.295965623529053
2026-06-14,Politics & Civic Life,25184,0.0764785374815894,,,0,True,False,False,1,0.6,1.0,0.0,0.0,0.0764785374815894,0.0,0.0,0.0764785374815894,0.07647853748158943,7.647853748158943
2026-06-14,Science & Technology,41377,0.1256532896035469,,,0,True,False,False,1,0.6,1.0,0.0,0.0,0.1256532896035469,0.0,0.0,0.1256532896035469,0.12565328960354696,12.565328960354696
2026-06-14,Sports & Athletics,75889,0.2304590109172626,,,0,True,False,False,1,0.6,1.0,0.0,0.0,0.2304590109172626,0.0,0.0,0.2304590109172626,0.23045901091726267,23.045901091726268
2026-06-15,Business & Finance,168544,0.4014271355826438,,,0,True,False,False,1,0.6,1.0,0.0,0.0,0.4014271355826438,0.0,0.0,0.4014271355826438,0.4014271355826439,40.14271355826439
2026-06-15,Entertainment & Pop Culture,30700,0.0731192629959367,,,0,True,False,False,1,0.6,1.0,0.0,0.0,0.0731192629959367,0.0,0.0,0.0731192629959367,0.07311926299593673,7.311926299593672
2026-06-15,Lifestyle & Wellness,51240,0.1220400988896351,,,0,True,False,False,1,0.6,1.0,0.0,0.0,0.1220400988896351,0.0,0.0,0.1220400988896351,0.12204009888963514,12.204009888963514
2026-06-15,Politics & Civic Life,29312,0.069813414883938,,,0,True,False,False,1,0.6,1.0,0.0,0.0,0.069813414883938,0.0,0.0,0.069813414883938,0.06981341488393802,6.981341488393802
2026-06-15,Science & Technology,57540,0.1370450290809837,,,0,True,False,False,1,0.6,1.0,0.0,0.0,0.1370450290809837,0.0,0.0,0.1370450290809837,0.13704502908098376,13.704502908098377
2026-06-15,Sports & Athletics,82526,0.1965550585668624,,,0,True,False,False,1,0.6,1.0,0.0,0.0,0.1965550585668624,0.0,0.0,0.1965550585668624,0.19655505856686245,19.655505856686244
2026-06-16,Business & Finance,83368,0.4069669810399703,,,0,True,False,False,1,0.6,1.0,0.0,0.0,0.4069669810399703,0.0,0.0,0.4069669810399703,0.4069669810399704,40.69669810399704
2026-06-16,Entertainment & Pop Culture,15184,0.0741218050104465,,,0,True,False,False,1,0.6,1.0,0.0,0.0,0.0741218050104465,0.0,0.0,0.0741218050104465,0.07412180501044652,7.412180501044652
2026-06-16,Lifestyle & Wellness,24850,0.1213070899966805,,,0,True,False,False,1,0.6,1.0,0.0,0.0,0.1213070899966805,0.0,0.0,0.1213070899966805,0.12130708999668052,12.130708999668052
2026-06-16,Politics & Civic Life,14052,0.0685958643313221,,,0,True,False,False,1,0.6,1.0,0.0,0.0,0.0685958643313221,0.0,0.0,0.0685958643313221,0.06859586433132212,6.859586433132211
2026-06-16,Science & Technology,28589,0.1395592915861207,,,0,True,False,False,1,0.6,1.0,0.0,0.0,0.1395592915861207,0.0,0.0,0.1395592915861207,0.13955929158612074,13.955929158612074
2026-06-16,Sports & Athletics,38809,0.1894489680354597,,,0,True,False,False,1,0.6,1.0,0.0,0.0,0.1894489680354597,0.0,0.0,0.1894489680354597,0.18944896803545977,18.944896803545976
